"conversation_id_str","created_at","favorite_count","full_text","id_str","image_url","in_reply_to_screen_name","lang","location","quote_count","reply_count","retweet_count","tweet_url","user_id_str","username"
"1935587423570071582","Thu Jun 19 06:36:17 +0000 2025","0","#saveTNTN #saveTessonilo #SaveIndonesia #SaveRajaAmpat Hutan Sumatra dan Kalimantan bukan milik kita saja. Mereka milik dunia. Dan anak cucu kita nanti. Kalau sekarang kita biarkan habis apa yang akan kita wariskan?","1935587423570071582","","","in","","0","0","0","https://x.com/undefined/status/1935587423570071582","415982172",
"1935565662837186785","Thu Jun 19 06:35:06 +0000 2025","0","Seekor gajah kecil kehilangan ibunya. Orangutan tak punya pohon lagi. Harimau kakinya putus kena jerat. Mereka bukan tokoh fiksi. Mereka korban pembangunan tanpa hati. #saveTNTN #saveTessonilo #SaveIndonesia #SaveRajaAmpat","1935587124742627793","","Ryuu531","in","","0","0","0","https://x.com/undefined/status/1935587124742627793","415982172",
"1935587006001910046","Thu Jun 19 06:34:38 +0000 2025","11","Semangat siang semua! #SaveRajaAmpat #LengserkanGibran @HarryPattyRM00 @Ary_PrasKe2 @widarto63285827 @S4N_W1B1 @wiyantokdr54 @WisanggeniLagi @Wan77575 @EviDrajat @SuwitoRamlie @Wagiso_Gi @albert_morafia @ImamAza8 @rpanggahza @AngingMamiri26 @vicko_twitt @NusantaraJaya26 https://t.co/yYF0YwILAy","1935587006001910046","https://pbs.twimg.com/media/GtyWH45a4AAaDBn.jpg","","in","","0","6","6","https://x.com/undefined/status/1935587006001910046","1292360032202272768",
"1935585135132647476","Thu Jun 19 06:27:12 +0000 2025","0"," Hutan Hujan Tropis Indonesia: Warisan Dunia yang Terluka Indonesia punya hutan hujan tropis terbesar ke-3 di dunia setelah Brasil dan Kongo. ️ Pulau Kalimantan (Borneo) dan Sumatra menyimpan sebagian besar hutan tropis kita #saveTNTN #savetessonilo #saverajaampat","1935585135132647476","","","in","","0","0","0","https://x.com/undefined/status/1935585135132647476","415982172",
"1935584083532521601","Thu Jun 19 06:23:01 +0000 2025","0","Konten2 jahat : #SaveRajaAmpat #IndonesiaGelap Ect ","1935584083532521601","","","nl","","0","0","0","https://x.com/undefined/status/1935584083532521601","181125814",
"1935329150518313381","Thu Jun 19 06:17:01 +0000 2025","2","@tempodotco #iStandbyPapua #SaveRajaAmpat #LengserkanGibran https://t.co/pzXBAMUbbg","1935582573776027875","","tempodotco","qme","","0","0","2","https://x.com/undefined/status/1935582573776027875","1864781185165201408",
"1935582113816088719","Thu Jun 19 06:15:19 +0000 2025","1","Sufmi Dasko Ahmad menunjukkan peran penting sebagai jembatan komunikasi antar fraksi dan antar lembaga dalam menyikapi isu-isu politik #JusticeForArgo #SaveRajaAmpat #MyGoldenBloodFinalEP #zonauang #ITSSKIN_Presenter_Dunk #BLACKPINK https://t.co/32mIzO6rLz","1935582145613091083","https://pbs.twimg.com/media/GtyRtBDW8AAu-Ya.jpg","AzizLaheut","in","","0","0","0","https://x.com/undefined/status/1935582145613091083","1435790843051266051",
"1935582113816088719","Thu Jun 19 06:15:15 +0000 2025","1","Sebagai pimpinan DPR Sufmi Dasco Ahmad memainkan peran strategis dalam menjaga stabilitas parlemen #JusticeForArgo #SaveRajaAmpat #MyGoldenBloodFinalEP #zonauang #ITSSKIN_Presenter_Dunk #BLACKPINK https://t.co/cDTZ2H8yxJ","1935582128902975775","https://pbs.twimg.com/media/GtyRr-dXQAATnYq.jpg","AzizLaheut","in","","0","1","0","https://x.com/undefined/status/1935582128902975775","1435790843051266051",
"1935582113816088719","Thu Jun 19 06:15:11 +0000 2025","1","Langkah strategis DPR dalam memproses isu politik nasional #JusticeForArgo #SaveRajaAmpat #MyGoldenBloodFinalEP #zonauang #ITSSKIN_Presenter_Dunk #BLACKPINK https://t.co/jUSICXYIc0","1935582113816088719","https://pbs.twimg.com/media/GtyRrEPXAAAjPjl.jpg","","in","","0","1","0","https://x.com/undefined/status/1935582113816088719","1435790843051266051",
"1935211992534642862","Thu Jun 19 06:08:19 +0000 2025","0","@kaiyuugyo_nc @kyoukai691 @BigAlphaID @pandji Padahal butuh suara sebanyak mungkin untuk #SaveRajaAmpat kenapa malah @pandji dan fans nya malah melakukan sebaliknya ya?","1935580382159888610","","kaiyuugyo_nc","in","","0","0","0","https://x.com/undefined/status/1935580382159888610","593209236",
"1935211992534642862","Thu Jun 19 06:06:34 +0000 2025","0","@MRestuRama @kyoukai691 @BigAlphaID @pandji Sekarang sata bertanya bolehkah orang yang masih membuang sampah sembarangan ikut menyuarakan #SaveRajaAmpat ?","1935579944622698910","","MRestuRama","in","","0","0","0","https://x.com/undefined/status/1935579944622698910","593209236",
"1935578314674262051","Thu Jun 19 06:00:06 +0000 2025","0","Laut tetap kaya takkan kurang cuma hati dan budi manusia semakin dangkal dan miskin. - Pramoedya Ananta Toer #SaveRajaAmpat #IndonesiaEmas","1935578314674262051","","","in","","0","0","0","https://x.com/undefined/status/1935578314674262051","1872885865955115011",
"1935578306012958751","Thu Jun 19 06:00:04 +0000 2025","0","Apa kata Minke nanti kalau kau jadi kuyu tidak menarik? Gadis secantik apa pun takkan menarik kalau sakit. - Pramoedya Ananta Toer #SaveRajaAmpat #IndonesiaEmas","1935578306012958751","","","in","","0","0","0","https://x.com/undefined/status/1935578306012958751","1897487771230724101",
"1935512054816981247","Thu Jun 19 05:35:40 +0000 2025","1","@anneserlo @Verraagustian_ #SaveRajaAmpat #SaveRajaAmpat #SaveRajaAmpat","1935572166592139505","","anneserlo","qme","","0","0","1","https://x.com/undefined/status/1935572166592139505","1882786182796644352",
"1935479179241472348","Thu Jun 19 05:01:22 +0000 2025","4","@DokterTifa #TerimakasihdrTifaCs Setelah Aceh Perjuangan Masih berlanjut #ManaIjazahAslimu #SaveRajaAmpat #LengserkanGibran 23 Juni https://t.co/rpjn1RsdMa","1935563536404721965","","DokterTifa","in","","0","0","3","https://x.com/undefined/status/1935563536404721965","1864781185165201408",
"1935563220770861315","Thu Jun 19 05:00:07 +0000 2025","0","Tahukah Kamu ? ... bahwa dalam sistem isyarat wigwag pesan tertulis dapat disampaikan secara jarak jauh dengan melambaikan sebuah bendera ke kiri atau ke kanan dengan urutan tertentu? #SaveRajaAmpat #IndonesiaEmas","1935563220770861315","","","in","","0","0","0","https://x.com/undefined/status/1935563220770861315","1872885865955115011",
"1935563216744231258","Thu Jun 19 05:00:06 +0000 2025","0","Tahukah Kamu ? ... bahwa Perang Utsmaniyah-Venesia IV adalah perang antara Kesultanan Utsmaniyah dan Republik Venesia yang berlangsung dari tahun 1570 sampai tahun 1573? #SaveRajaAmpat #IndonesiaEmas","1935563216744231258","","","in","","0","0","0","https://x.com/undefined/status/1935563216744231258","1891312552816287744",
"1935563214760325316","Thu Jun 19 05:00:06 +0000 2025","0","Tahukah Kamu ? ... bahwa dalam sistem isyarat wigwag pesan tertulis dapat disampaikan secara jarak jauh dengan melambaikan sebuah bendera ke kiri atau ke kanan dengan urutan tertentu? #SaveRajaAmpat #IndonesiaEmas","1935563214760325316","","","in","","0","0","0","https://x.com/undefined/status/1935563214760325316","1891685698157281282",
"1935558349975908570","Thu Jun 19 04:40:46 +0000 2025","0","#savetessonilo #savetntn #SaveRajaAmpat #SaveVillageSchool #savehutansumatra https://t.co/sWc7dKfEJf","1935558349975908570","https://pbs.twimg.com/ext_tw_video_thumb/1935558236888821760/pu/img/D-UDg672Nil73uzv.jpg","","qme","","0","0","0","https://x.com/undefined/status/1935558349975908570","415982172",
"1935551314966229009","Thu Jun 19 04:38:49 +0000 2025","3","#SaveRajaAmpat #iStandbyPapua #LengserkanGibran SURGA AKHIRAT URUSAN ULIL SURGA DI DUNIA BUKAN https://t.co/IgCudzCnTr","1935557859166794081","https://pbs.twimg.com/media/Gtx7nX4XYAAYASv.jpg","HarryPattyRM00","in","","0","0","2","https://x.com/undefined/status/1935557859166794081","1864781185165201408",
"1935557242255978753","Thu Jun 19 04:36:22 +0000 2025","2","Presiden Prabowo Subianto Toba di Rusia #JusticeForArgo #SaveRajaAmpat #MyGoldenBloodFinalEP #zonauang #ITSSKIN_Presenter_Dunk #BLACKPINK https://t.co/H24bkcc63s","1935557242255978753","https://pbs.twimg.com/ext_tw_video_thumb/1935557188040404993/pu/img/SPUpVMYjYz936Zti.jpg","","in","","0","0","0","https://x.com/undefined/status/1935557242255978753","1702568721003446272",
"1935555843212324938","Thu Jun 19 04:30:48 +0000 2025","3","Presiden Prabowo Subianto adaptasi kebijakan Singapura untuk Rakyat Indonesia #JusticeForArgo #SaveRajaAmpat #MyGoldenBloodFinalEP #zonauang #ITSSKIN_Presenter_Dunk #BLACKPINK https://t.co/IpcgNCc9VQ","1935555843212324938","https://pbs.twimg.com/ext_tw_video_thumb/1935555761192808448/pu/img/nYOIvDTopFsfeLe5.jpg","","in","","0","0","0","https://x.com/undefined/status/1935555843212324938","1435790843051266051",
"1935551314966229009","Thu Jun 19 04:29:16 +0000 2025","3","#SaveRajaAmpat #iStandbyPapua #LengserkanGibran https://t.co/0SMUOy2QBh","1935555457382539612","https://pbs.twimg.com/ext_tw_video_thumb/1935555441905573888/pu/img/hrRC_KoQFwR3W3B5.jpg","HarryPattyRM00","qme","","0","2","2","https://x.com/undefined/status/1935555457382539612","1864781185165201408",
"1935551314966229009","Thu Jun 19 04:27:20 +0000 2025","3","#iStandbyPapua #SaveRajaAmpat #LengserkanGibran https://t.co/0RnCKtfx2e","1935554971803725907","https://pbs.twimg.com/media/Gtx4_T7XEAA5qcL.jpg","HarryPattyRM00","qme","","0","4","2","https://x.com/undefined/status/1935554971803725907","1864781185165201408",
"1935551314966229009","Thu Jun 19 04:24:54 +0000 2025","3","#SaveRajaAmpat #iStandbyPapua #LengserkanGibran https://t.co/uAL5gkz9fX","1935554357380186606","https://pbs.twimg.com/media/Gtx4bfxXMAAPsYx.jpg","HarryPattyRM00","qme","","0","1","2","https://x.com/undefined/status/1935554357380186606","1864781185165201408",
"1935551314966229009","Thu Jun 19 04:23:28 +0000 2025","4","WASPADA PENGALIHAN ISYU #SaveRajaAmpat #ManaIjazahAslimu #LengserkanGibran https://t.co/i92W9J1jwi","1935553998456766964","","HarryPattyRM00","in","","0","1","2","https://x.com/undefined/status/1935553998456766964","1864781185165201408",
"1935551314966229009","Thu Jun 19 04:12:48 +0000 2025","19","#SaveRajaAmpat #LengerkanGibran 4 Pulau ACEH da BALIK️ NOW RAJA 4 PAPUA BUKAN ATM PUSAT TUTUP TAMBANG PT. GAG NOW Menuju SENIN 23 JUNI Pembukaan Masa Sidang DPR LENGSERKAN GIBRAN #MenujuIndonesiaBermoral #MenujuPersatuanRakyat @ebonXboy @STresnowati1 https://t.co/ORKfVJkDWS","1935551314966229009","https://pbs.twimg.com/ext_tw_video_thumb/1935551298025185280/pu/img/yG-NOiVU3UBq1Q-8.jpg","","in","","6","2","15","https://x.com/undefined/status/1935551314966229009","1864781185165201408",
"1935550092511183228","Thu Jun 19 04:07:57 +0000 2025","2","Kira² apa ya yang mereka obrolkan? pasti penting banget #JusticeForArgo #SaveRajaAmpat #MyGoldenBloodFinalEP #zonauang #ITSSKIN_Presenter_Dunk #BLACKPINK https://t.co/IhE1bpvl5R","1935550092511183228","https://pbs.twimg.com/ext_tw_video_thumb/1935549980451954688/pu/img/_1oxzNTefCE_qt_b.jpg","","in","","0","0","0","https://x.com/undefined/status/1935550092511183228","1405435522349207552",
"1934946707382616276","Thu Jun 19 04:05:40 +0000 2025","0","@prabowo Pak Prabowo tolong segera kembali jgn di perpanjang ya pak dan segera diambil tindakan tegas terhadap pembantu²nya yg ngaco pada saat bpk tinggal seperti tito bahlil + luhut #SaveRajaAmpat","1935549518436778186","","prabowo","in","","0","0","0","https://x.com/undefined/status/1935549518436778186","1732735533892407296",
"1935548120311673061","Thu Jun 19 04:00:07 +0000 2025","1","Kala itu kemiskinan selalu melayang-layang di angkasa dan menyambari kepalaku. - Pramoedya Ananta Toer #SaveRajaAmpat #IndonesiaEmas","1935548120311673061","","","in","","0","0","0","https://x.com/undefined/status/1935548120311673061","1872885865955115011",
"1935548118663315526","Thu Jun 19 04:00:06 +0000 2025","1","Berani mengambil keputusan dan risiko. Berani dengan apa saja. Asalkan jangan jadi orang yang berani ngeyel padahal salah. - Pramoedya Ananta Toer #SaveRajaAmpat #IndonesiaEmas","1935548118663315526","","","in","","0","0","0","https://x.com/undefined/status/1935548118663315526","1887366975334326277",
"1935548115446284798","Thu Jun 19 04:00:06 +0000 2025","1","Semua manusia bersaudara satu sama lain. Karena itu tiap orang yang membutuhkan pertolongan harus meeroleh pertolongan. Tiap orang keluar dari satu turunan karena itu satu sama lain adalah saudara. - Pramoedya Ananta Toer #SaveRajaAmpat #IndonesiaEmas","1935548115446284798","","","in","","0","0","0","https://x.com/undefined/status/1935548115446284798","1891685698157281282",
"1935548110685831618","Thu Jun 19 04:00:04 +0000 2025","1","Terpelajar itu sudah harus adil semenjak dalam pikiran. - Pramoedya Ananta Toer #SaveRajaAmpat #IndonesiaEmas","1935548110685831618","","","in","","0","0","0","https://x.com/undefined/status/1935548110685831618","1897487771230724101",
"1935332714238169519","Thu Jun 19 03:49:27 +0000 2025","0","@anastashyiit Odol odal ordalK .. #lawancaraculas #saverajaampat #papuabukantanahkosong #sutenbi #ODOL #kemendikbudproblematik #kemenhubproblematik #kemenesdmproblematik #kemenperdaganganproblematik #savePapua #tolaktambang Nij https://t.co/PiPxoGKvZU","1935545435458052585","https://pbs.twimg.com/amplify_video_thumb/1935544528036884480/img/gC2Ay2bw3Ny02MzM.jpg","anastashyiit","sl","","0","0","0","https://x.com/undefined/status/1935545435458052585","567719393",
"1935533017801621587","Thu Jun 19 03:00:06 +0000 2025","1","Tiap pemuda Indonesia bisa melakukan segala perjuangan dan pekerjaan kalau dia mau - Pak Komandan - Pramoedya Ananta Toer #SaveRajaAmpat #IndonesiaEmas","1935533017801621587","","","in","","0","0","0","https://x.com/undefined/status/1935533017801621587","1872885865955115011",
"1935533013057831346","Thu Jun 19 03:00:05 +0000 2025","1","Arwah-arwah buruh menggiring hujan air mata mata mereka menyeret banjir - Pramoedya Ananta Toer #SaveRajaAmpat #IndonesiaEmas","1935533013057831346","","","in","","0","0","0","https://x.com/undefined/status/1935533013057831346","1891685698157281282",
"1935512054816981247","Thu Jun 19 02:40:53 +0000 2025","0","@anneserlo Selamatkan Raja Ampat surga laut yang kaya akan keanekaragaman hayati! Hentikan tambang nikel yang merusak terumbu karang dan hutan dukung moratorium penuh dan lindungi warisan budaya serta ekosistemnya untuk generasi mendatang. #SaveRajaAmpat","1935528180305248312","","anneserlo","in","","0","0","0","https://x.com/undefined/status/1935528180305248312","872602664592220160",
"1935517919297028556","Thu Jun 19 02:00:06 +0000 2025","1","Di mana pun juga Kau selalu selamatkan aku Kau mudahkan perjalananku. Kau gampangkan hidupku. Terima kasih ya Tuhanku. - Pramoedya Ananta Toer #SaveRajaAmpat #IndonesiaEmas","1935517919297028556","","","in","","0","0","0","https://x.com/undefined/status/1935517919297028556","1872885865955115011",
"1935517914842767826","Thu Jun 19 02:00:05 +0000 2025","1","Dengan melawan kita takkan sepenuh kalah. - Pramoedya Ananta Toer #SaveRajaAmpat #IndonesiaEmas","1935517914842767826","","","in","","0","0","0","https://x.com/undefined/status/1935517914842767826","1891685698157281282",
"1935512054816981247","Thu Jun 19 01:36:48 +0000 2025","4","#SaveRajaAmpat Eksploitasi tambang nikel di Raja Ampat telah menimbulkan kontradiksi tajam antara ambisi Indonesia untuk memimpin rantai pasokan energi hijau global dan kebutuhan melindungi ekosistem laut yang sangat rentan. Sebanyak empat dari lima izin tambang dalam kawasan https://t.co/Ii7k9LiuDc","1935512054816981247","https://pbs.twimg.com/media/GtxQ9mgXsAAiYaj.png","","in","","0","2","3","https://x.com/undefined/status/1935512054816981247","1719885887662874624",
"1935503963832598964","Thu Jun 19 01:04:39 +0000 2025","0","https://t.co/CYf2fd1xHy Taman Bumi Raja Ampat #SaveRajaAmpat","1935503963832598964","","","in","","0","0","0","https://x.com/undefined/status/1935503963832598964","1719885887662874624",
"1935493071099285679","Thu Jun 19 00:21:22 +0000 2025","5","Seru banget bisa kenal matkul komunikasi digital ini di UPNVJT dengan belajar digital activism ini kita bisa tau apa yang terjadi di sosmed termasuk yang viral sekalipun kayak #SaveRajaAmpat bahkan konten viral lainnya #banggaupnvjt bisa masuk ikom nya #h25komdigupnvjt","1935493071099285679","","","in","","0","2","0","https://x.com/undefined/status/1935493071099285679","1818934913292439552",
"1935122788639031458","Wed Jun 18 23:23:06 +0000 2025","0","@TirtoID Lah dia membela diri dengan mencari bukti bahwa dia tidak bersalah otak emang udah sengklek pejabat bangsat indo #JokowiAlumniPasarPramuka #IjazahPalsuJokowiMendunia #SaveRajaAmpat","1935478407330181592","","TirtoID","in","","0","0","0","https://x.com/undefined/status/1935478407330181592","1600015543062659072",
"1935332764070592718","Wed Jun 18 23:22:09 +0000 2025","0","@Aceh Harus merdeka kalian jangan mau dibebani negara bangsat indo ini #JokowiAlumniPasarPramuka #IjazahPalsuJokowiMendunia #SaveRajaAmpat","1935478169630613838","","Aceh","in","","0","0","0","https://x.com/undefined/status/1935478169630613838","1600015543062659072",
"1935284695417446536","Wed Jun 18 23:19:24 +0000 2025","0","@mediaindonesia Dia sendiri yang nunjuk orang bermasalah jadi bawahannya sekalian jadi pahlawan juga ya kan #JokowiAlumniPasarPramuka #IjazahPalsuJokowiMendunia #SaveRajaAmpat","1935477475037036822","","mediaindonesia","in","","0","0","0","https://x.com/undefined/status/1935477475037036822","1600015543062659072",
"1935474253060784269","Wed Jun 18 23:15:41 +0000 2025","1","@msaid_didu Bentar lagi bakal ada komen ternak mulyono 400 perak kayak kamu ya didu? #JokowiAlumniPasarPramuka #IjazahPalsuJokowiMendunia #SaveRajaAmpat","1935476542370627613","","msaid_didu","in","","0","0","0","https://x.com/undefined/status/1935476542370627613","1600015543062659072",
"1935473445497881035","Wed Jun 18 23:03:23 +0000 2025","0","#SaveRajaAmpat","1935473445497881035","","","qht","","0","0","0","https://x.com/undefined/status/1935473445497881035","1406924583194689537",
"1935452557687853234","Wed Jun 18 22:52:49 +0000 2025","4","@abu_waras Akan selalu kusisakan ruang tidak percaya pada politisi apalagi geng solo masih jadi menteri²nya dia #JokowiAlumniPasarPramuka #makzulkanGibran #SaveRajaAmpat","1935470787005399070","","abu_waras","in","","0","1","1","https://x.com/undefined/status/1935470787005399070","1600015543062659072",
"1935232985047122214","Wed Jun 18 22:20:12 +0000 2025","0","@geloraco Ribet amat urusin dagangan orang tuh #SaveRajaAmpat urusin","1935462580384063806","","geloraco","in","","0","0","0","https://x.com/undefined/status/1935462580384063806","1814417115132375041",
"1934614599397204315","Wed Jun 18 19:21:16 +0000 2025","0","@rizml98 Masih Happy Ending itu.. Si Wangquan Hongye saking g ber sisanya (ada si Li Quzhou tpi lumpuh Qinlan hilang) sampe merubah mas2 green flag jadi bapak2 redflag.. #SaveChengyi #SaveWangquanFugui #SaveRajaAmpat","1935417547576492388","","rizml98","in","","0","0","0","https://x.com/undefined/status/1935417547576492388","1899868379193933824",
"1935351812565172486","Wed Jun 18 15:00:03 +0000 2025","1","Dengan melawan kita takkan sepenuh kalah. - Pramoedya Ananta Toer #SaveRajaAmpat #IndonesiaEmas","1935351812565172486","","","in","","0","0","0","https://x.com/undefined/status/1935351812565172486","1897487771230724101",
"1935344504867012956","Wed Jun 18 14:56:27 +0000 2025","3","@DarsAlexandra1 #SaveRajaAmpat #LengserkanGibran #LengserkanGibran https://t.co/s9ZC9KGeIT","1935350905291014273","","DarsAlexandra1","qme","","0","0","2","https://x.com/undefined/status/1935350905291014273","1864781185165201408",
"1935336723405541848","Wed Jun 18 14:00:06 +0000 2025","1","Tidak semua kebenaran dan kenyataan perlu dikatan pada seseorang atau pada siapapun. - Pramoedya Ananta Toer #SaveRajaAmpat #IndonesiaEmas","1935336723405541848","","","in","","0","0","0","https://x.com/undefined/status/1935336723405541848","1872885865955115011",
"1935336714291265659","Wed Jun 18 14:00:04 +0000 2025","1","Ya anakku selama hidupku yang limapuluh enam tahun ini tahulah aku bahwa usaha dan iktiar manusia itu sangat terbatas. Aku sendiri tak membiarkan adikmu sakit bila saja aku berkuasa atas nasib manusia. - Pramoedya Ananta Toer #SaveRajaAmpat #IndonesiaEmas","1935336714291265659","","","in","","0","0","0","https://x.com/undefined/status/1935336714291265659","1897487771230724101",
"1904141633907790117","Wed Jun 18 13:13:04 +0000 2025","0","Indonesia Gelap! #GagalkanUUTNI #CabutUUTNI #TolakUUTNI #TolakRevisiUUTNI #PeringatanDarurat #IndonesiaGelap #TolakDwifungsiABRI #TolakRUUPolri #TolakRUUKejaksaan #SupermasiSipil #PerempuanMelawan #SaveRajaAmpat #SavePapua","1935324889575231691","","yunohihi","in","","0","1","0","https://x.com/undefined/status/1935324889575231691","1632999299905892353",
"1935322515620139169","Wed Jun 18 13:03:38 +0000 2025","3","Halo ALSAians! Spare a second. Raja Ampat needs you. Raja Ampat is a natural wonder not a mining site. No nickel is worth destroying this paradise. ‼️ #SaveRajaAmpat https://t.co/xrxE6PZVu4","1935322515620139169","https://pbs.twimg.com/media/GtulkJHaQAEqOgY.jpg","","en","","0","1","1","https://x.com/undefined/status/1935322515620139169","1339421652812099585",
"1935321623151927360","Wed Jun 18 13:00:06 +0000 2025","1","Aku bangga menjadi seorang liberal Tuan liberal konsekwen. Memang orang lain menamainya liberal keterlaluan. Bukan hanya tidak suka ditindas tidak suka menindas lebih dari itu: tidak suka adanya penindasan. - Pramoedya Ananta Toer #SaveRajaAmpat #IndonesiaEmas","1935321623151927360","","","in","","0","0","0","https://x.com/undefined/status/1935321623151927360","1872885865955115011",
"1935321620069114282","Wed Jun 18 13:00:05 +0000 2025","1","Siapa yang dapat ramalkan bagaimana jadinya bayi? Jadi nabi atau bajingan atau jadi sekedar tambahan isi dunia. - Pramoedya Ananta Toer #SaveRajaAmpat #IndonesiaEmas","1935321620069114282","","","in","","0","0","0","https://x.com/undefined/status/1935321620069114282","1891312552816287744",
"1935321618353701028","Wed Jun 18 13:00:05 +0000 2025","0","Kalau mati dengan berani; kalau hidup dengan berani. Kalau keberanian tidak ada itulah sebabnya setiap bangsa asing bisa jajah kita. - Pramoedya Ananta Toer #SaveRajaAmpat #IndonesiaEmas","1935321618353701028","","","in","","0","0","0","https://x.com/undefined/status/1935321618353701028","1891685698157281282",
"1935315902033272873","Wed Jun 18 12:37:22 +0000 2025","0","info dong adakah info kegiatan pelepas stress yang dompet friendly di tembalang #SaveRajaAmpat https://t.co/beuRCEWKpP","1935315902033272873","https://pbs.twimg.com/media/GtufjgXbIAAyiIe.jpg","","in","","0","0","0","https://x.com/undefined/status/1935315902033272873","1463833627280568322",
"1935307072033464342","Wed Jun 18 12:02:16 +0000 2025","0","Al Fatihah Ali Baba #papuaviral #PapuaNKRI #Papua #SaveRajaAmpat @pertaminamalupa @jayapuraupdate @NataliusPigai2 https://t.co/2sgLAKGZma","1935307072033464342","https://pbs.twimg.com/media/GtuXhIRXQAAye__.jpg","","in","","0","0","0","https://x.com/undefined/status/1935307072033464342","1789855683858579456",
"1935306528510328973","Wed Jun 18 12:00:07 +0000 2025","1","Pribumi Hindia sangat sederhana. Takkan ada perang yang bakal mereka menangkan. Apa arti parang dan tombak di hadapan senapan dan meriam? - Pramoedya Ananta Toer #SaveRajaAmpat #IndonesiaEmas","1935306528510328973","","","in","","0","0","0","https://x.com/undefined/status/1935306528510328973","1872885865955115011",
"1935306525020667963","Wed Jun 18 12:00:06 +0000 2025","1","Sahabat dalam kesulitan adalah sahabat dalam segala-galanya. Jangan sepelekan persahabatan. Kehebatannya lebih besar daripada panasnya permusuhan. - Pramoedya Ananta Toer #SaveRajaAmpat #IndonesiaEmas","1935306525020667963","","","in","","0","0","0","https://x.com/undefined/status/1935306525020667963","1891312552816287744",
"1935306512525836324","Wed Jun 18 12:00:03 +0000 2025","1","Apa kata Minke nanti kalau kau jadi kuyu tidak menarik? Gadis secantik apa pun takkan menarik kalau sakit. - Pramoedya Ananta Toer #SaveRajaAmpat #IndonesiaEmas","1935306512525836324","","","in","","0","0","0","https://x.com/undefined/status/1935306512525836324","1897487771230724101",
"1935306226004627523","Wed Jun 18 11:58:55 +0000 2025","0","#SaveRajaAmpat #LawanPerusakAlamIndonesia","1935306226004627523","","","qht","","0","0","0","https://x.com/undefined/status/1935306226004627523","1703778268531601408",
"1935303521206944089","Wed Jun 18 11:48:51 +0000 2025","1","Bravoo Sufmi Dasco Ahmad #JusticeForArgo #SaveRajaAmpat #MyGoldenBloodFinalEP #zonauang #ITSSKIN_Presenter_Dunk #BLACKPINK https://t.co/sJJn8tAZxd","1935303695463497960","https://pbs.twimg.com/media/GtuUdBWXIAAuVDo.jpg","Kakang_Himmy","pt","","0","0","0","https://x.com/undefined/status/1935303695463497960","1405435522349207552",
"1935303521206944089","Wed Jun 18 11:48:45 +0000 2025","1","Sufmida Dasco Ahmad menunjukkan perannya sebagai advokat rakyat yang efektif dengan mengubah keluhan publik menjadi kebijakan nyata #JusticeForArgo #SaveRajaAmpat #MyGoldenBloodFinalEP #zonauang #ITSSKIN_Presenter_Dunk #BLACKPINK https://t.co/SFxelFTlVj","1935303667353366803","https://pbs.twimg.com/media/GtuUbYcXMAAhQ_z.jpg","Kakang_Himmy","in","","0","1","0","https://x.com/undefined/status/1935303667353366803","1405435522349207552",
"1935303521206944089","Wed Jun 18 11:48:10 +0000 2025","1","Emang Sufmi Dasco Ahmad ini paling beda... 🇲🇨 #JusticeForArgo #SaveRajaAmpat #MyGoldenBloodFinalEP #zonauang #ITSSKIN_Presenter_Dunk #BLACKPINK https://t.co/B9sT07bZmo","1935303521206944089","https://pbs.twimg.com/media/GtuUS0aWUAA19rF.jpg","","in","","0","1","0","https://x.com/undefined/status/1935303521206944089","1405435522349207552",
"1935298143224287327","Wed Jun 18 11:26:48 +0000 2025","0","Sudah pada lupa ya di raja ampat masih ada 1 tambang yang beroperasi loh.. Hebat memang Tito &amp; Bobby #SaveRajaAmpat @prabowo #indonesiagelap","1935298143224287327","","","in","","0","0","0","https://x.com/undefined/status/1935298143224287327","49386986",
"1935297776595911148","Wed Jun 18 11:25:29 +0000 2025","1","Dukungan penuh dari Presiden Prabowo dalam diplomasi Haji diharapkan dapat meningkatkan posisi tawar Indonesia secara signifikan #JusticeForArgo #SaveRajaAmpat #MyGoldenBloodFinalEP #zonauang #ITSSKIN_Presenter_Dunk #BLACKPINK https://t.co/ONqjYiDue5","1935297813627507048","https://pbs.twimg.com/media/GtuPGvBaQAEjR0Q.jpg","AzizLaheut","in","","0","0","0","https://x.com/undefined/status/1935297813627507048","1435790843051266051",
"1935297776595911148","Wed Jun 18 11:25:26 +0000 2025","1","Presiden Prabowo Subianto mempersiapkan langkah diplomasi dengan Arab Saudi untuk membahas penyelenggaraan ibadah haji tahun 2026 #JusticeForArgo #SaveRajaAmpat #MyGoldenBloodFinalEP #zonauang #ITSSKIN_Presenter_Dunk #BLACKPINK https://t.co/qnybRvG6w4","1935297799589101714","https://pbs.twimg.com/media/GtuPF5rW8AA3tt_.jpg","AzizLaheut","in","","0","1","0","https://x.com/undefined/status/1935297799589101714","1435790843051266051",
"1935297776595911148","Wed Jun 18 11:25:20 +0000 2025","1","Presiden Prabowo Gagas diplomasi Dini untuk Haji 2026 #JusticeForArgo #SaveRajaAmpat #MyGoldenBloodFinalEP #zonauang #ITSSKIN_Presenter_Dunk #BLACKPINK https://t.co/xKt8mZPAhg","1935297776595911148","https://pbs.twimg.com/media/GtuPEVpWEAAriY-.jpg","","in","","0","1","0","https://x.com/undefined/status/1935297776595911148","1435790843051266051",
"1935296723016106426","Wed Jun 18 11:21:09 +0000 2025","4","Sinergi kuat Indonesia Singapura untuk masa depan #JusticeForArgo #SaveRajaAmpat #MyGoldenBloodFinalEP #zonauang #ITSSKIN_Presenter_Dunk #BLACKPINK https://t.co/LfcSuqXmLW","1935296723016106426","https://pbs.twimg.com/ext_tw_video_thumb/1935296635963097088/pu/img/fNtJCo-v4BkcSDJj.jpg","","in","","0","0","0","https://x.com/undefined/status/1935296723016106426","1702568721003446272",
"1935252271421604016","Wed Jun 18 11:16:31 +0000 2025","0","@GNFI Ini berita hoax guys......Please jangan sampai ini viral. Haruskah kita belajar dari #SaveRajaAmpat lagi. Please cukup sekali aja.","1935295555426812068","","GNFI","in","","0","0","0","https://x.com/undefined/status/1935295555426812068","760381116",
"1935293126614335781","Wed Jun 18 11:06:52 +0000 2025","0","Main di Holyslots88 tuh kayak ketawa sambil kaya. Gokil banget kan? https: //holysplay. com (hapus spasi) #holyslots88 #promoholyslots88 #viralindo #saverajaampat #slotgacor88 #gacorbanget #tambangindo","1935293126614335781","","","in","","0","0","0","https://x.com/undefined/status/1935293126614335781","759797033213370368",
"1935291426063139326","Wed Jun 18 11:00:06 +0000 2025","0","1989 - Perubahan nama Birma menjadi Myanmar oleh pemerintahan junta militer Birma. #TodayHistory #SaveRajaAmpat #IndonesiaEmas","1935291426063139326","","","in","","0","0","0","https://x.com/undefined/status/1935291426063139326","1872885865955115011",
"1935291424196673966","Wed Jun 18 11:00:06 +0000 2025","0","1812 - Amerika Serikat menyatakan perang terhadap Inggris. #TodayHistory #SaveRajaAmpat #IndonesiaEmas","1935291424196673966","","","in","","0","0","0","https://x.com/undefined/status/1935291424196673966","1887366975334326277",
"1935287335517896973","Wed Jun 18 10:43:54 +0000 2025","0","Sudah selayaknya Raja Ampat terbebas dari segala bentuk aktivitas pertambangan. Potensi krisis ekologi yang mengancam ini harus segera dihentikan. #saverajaampat #rajaampat #tambangnikel","1935287349723975876","","ISAFIS_official","in","","0","0","0","https://x.com/undefined/status/1935287349723975876","83283943",
"1935287335517896973","Wed Jun 18 10:43:51 +0000 2025","2","Benarkah #SaveRajaAmpat sudah selesai? BELUM! MASIH JAUH DARI KATA SELESAI! ️: Tapi kan pemerintah udah cabut izin tambang 4 perusahaan. BACA SAMPAI HABIS YAA!","1935287335517896973","","","in","","0","1","1","https://x.com/undefined/status/1935287335517896973","83283943",
"1935278559767183621","Wed Jun 18 10:08:59 +0000 2025","0","Daripada kirim pelajar atau anak nakal ke barak sepertinya ada orang-orang yang lebih pantas untuk ditertibkan #HAMdanLingkungan #Barak #KDM #DediMulyadi #SaveRajaAmpat #TenagaKerja https://t.co/wyDDGeTtpc","1935278559767183621","https://pbs.twimg.com/media/Gtt9hUMW8AA11S4.jpg","","in","","0","1","0","https://x.com/undefined/status/1935278559767183621","378955292",
"1935276324752646504","Wed Jun 18 10:00:06 +0000 2025","1","Ini pengembara bantingan egoisme Hawa Berteriak sepanjang lorong mengemis pelepasan Dan pelepasan peretas perderetan ini peternakan Setan ! dia telampau besar Dimahalkan hilangnya kebiasaan menimang anak tubuhnya - Pramoedya Ananta Toer #SaveRajaAmpat #IndonesiaEmas","1935276324752646504","","","in","","0","0","0","https://x.com/undefined/status/1935276324752646504","1872885865955115011",
"1935246119799537669","Wed Jun 18 08:00:04 +0000 2025","0","Yang tak berdarah mati. Yang kekurangan darah lemah. Hanya yang berlumuran darah saja perkasa. Ada adinda dengar? Perkasa! Dan hanya si lemah berkubang dalam air matanya sendiri. - Pramoedya Ananta Toer #SaveRajaAmpat #IndonesiaEmas","1935246119799537669","","","in","","0","0","0","https://x.com/undefined/status/1935246119799537669","1891685698157281282",
"1935246115127050470","Wed Jun 18 08:00:03 +0000 2025","1","Aku tak bisa pulang lagi Ayah kuda ini telah menambatkan hatiku di pelananya - Pramoedya Ananta Toer #SaveRajaAmpat #IndonesiaEmas","1935246115127050470","","","in","","0","0","0","https://x.com/undefined/status/1935246115127050470","1897487771230724101",
"1935238518068101600","Wed Jun 18 07:29:52 +0000 2025","0","#SaveRajaAmpat otw min","1935238518068101600","","","pl","","0","0","0","https://x.com/undefined/status/1935238518068101600","2346312793",
"1935236869891170579","Wed Jun 18 07:23:19 +0000 2025","5","BURT DPR RIpastikan pelayanan protokol ditandatangani Soekarno Hatta optimal #JusticeForArgo #SaveRajaAmpat #MyGoldenBloodFinalEP #zonauang #ITSSKIN_Presenter_Dunk #BLACKPINK https://t.co/fSjYvF8QqS","1935236869891170579","https://pbs.twimg.com/ext_tw_video_thumb/1935236673354313728/pu/img/CxZoLgut8ekGJ8Fn.jpg","","in","","0","0","0","https://x.com/undefined/status/1935236869891170579","1702568721003446272",
"1935233349674803215","Wed Jun 18 07:09:20 +0000 2025","0","Pak @SBYudhoyono sebelum #SaveRajaAmpat tak terlihat lagi keindahannya boleh ga Bapak lukis betapa indahnya #SaveRajaAmpat itu? saya belum pernah kesana Pak dan jikalau saya kesana saya yakin keindahannya sudah tak sama lagi.","1935233349674803215","","","in","","0","0","0","https://x.com/undefined/status/1935233349674803215","1927568458750783488",
"1935231026294571092","Wed Jun 18 07:00:06 +0000 2025","1","Setiap permulaan memang sulit. Dengan memulai setengah pekerjaan sudah selesai kata pepatah. - Pramoedya Ananta Toer #SaveRajaAmpat #IndonesiaEmas","1935231026294571092","","","in","","0","0","0","https://x.com/undefined/status/1935231026294571092","1872885865955115011",
"1935231022234542274","Wed Jun 18 07:00:05 +0000 2025","0","Dan dengan langkah berat pergilah aku meninggalkan rumahsakit itu; rumah tempat orang yang tak bebas mempergunakan tubuh dan hidupnya sendiri. - Pramoedya Ananta Toer #SaveRajaAmpat #IndonesiaEmas","1935231022234542274","","","in","","0","0","0","https://x.com/undefined/status/1935231022234542274","1891685698157281282",
"1935171808766124416","Wed Jun 18 06:39:28 +0000 2025","0","@tigerleo90 Orang indo teriak #SaveRajaAmpat tapi saham tambangnya dibeli. Hypocrisy much","1935225834262106541","","tigerleo90","in","","0","1","0","https://x.com/undefined/status/1935225834262106541","248085792",
"1933942229196062807","Wed Jun 18 06:07:38 +0000 2025","2","@susie40339 #SaveRajaAmpat #iStandbyPapua","1935217825360265451","","susie40339","qme","","0","0","1","https://x.com/undefined/status/1935217825360265451","1864781185165201408",
"1933942229196062807","Wed Jun 18 06:05:48 +0000 2025","1","@HarryPattyRM00 #SaveRajaAmpat #SavePapua","1935217363189932430","","HarryPattyRM00","qme","","0","1","1","https://x.com/undefined/status/1935217363189932430","1882786182796644352",
"1935215924002607447","Wed Jun 18 06:00:05 +0000 2025","0","Setiap kerusuhan di sesuatu negeri bukan hanya Tumampel adalah cerminan dari ketidakmampuan yang memerintah. - Pramoedya Ananta Toer #SaveRajaAmpat #IndonesiaEmas","1935215924002607447","","","in","","0","0","0","https://x.com/undefined/status/1935215924002607447","1887366975334326277",
"1935213753857085662","Wed Jun 18 05:51:28 +0000 2025","0","Bro @galonberkahh Minta tlg tutorial video klarifikasi #saverajaampat","1935213753857085662","","","in","","0","0","0","https://x.com/undefined/status/1935213753857085662","458211491",
"1935208958719050164","Wed Jun 18 05:32:24 +0000 2025","0","Raja Ampat yang selama ini dikenal sebagai simbol megabiodiversitas laut dunia dengan lebih dari 500 spesies karang dan ribuan jenis ikan tengah menghadapi ironi pahit. #SaveRajaAmpat #SavePulauGag #AktivisLingkungan #TilakTambangNikel https://t.co/3diamaHDFi","1935208958719050164","","","in","","0","0","0","https://x.com/undefined/status/1935208958719050164","796595577953853440",
"1935207569376878775","Wed Jun 18 05:26:53 +0000 2025","3","Ucapan terimakasih Gubernu Aceh untuk Presiden Prabowo 🇲🇨 #JusticeForArgo #SaveRajaAmpat #MyGoldenBloodFinalEP #zonauang #ITSSKIN_Presenter_Dunk #BLACKPINK https://t.co/69LxOMwF9e","1935207569376878775","https://pbs.twimg.com/ext_tw_video_thumb/1935207398849028096/pu/img/RFpl1YN3HSJqqai8.jpg","","in","","0","0","0","https://x.com/undefined/status/1935207569376878775","1435790843051266051",
"1935202707079577646","Wed Jun 18 05:07:34 +0000 2025","0","#MantuMulyono Membuat #IndonesiaGelap Semakin Gelap Belakangan ini... Apalagi diperparah dengan Kasus Besar Warisan Rejim #Mulyono yang baru mulai terungkap : #AcehSingkil #SaveRajaAmpat #Korupsi #ProJudiOnline #BahlilPenipu ##FufuFafa","1935202707079577646","","","in","","0","0","0","https://x.com/undefined/status/1935202707079577646","235603132",
"1935200832095666507","Wed Jun 18 05:00:07 +0000 2025","0","Tahukah Kamu ? ... bahwa putri-putri Tsar Nikolai II dan Tsarina Aleksandra Nikolaevna dapat dipanggil dengan singkatan huruf pertama dari nama pertama mereka? #SaveRajaAmpat #IndonesiaEmas","1935200832095666507","","","in","","0","0","0","https://x.com/undefined/status/1935200832095666507","1887366975334326277",
"1935200829906305475","Wed Jun 18 05:00:06 +0000 2025","0","Tahukah Kamu ? ... bahwa Perang Utsmaniyah-Venesia IV adalah perang antara Kesultanan Utsmaniyah dan Republik Venesia yang berlangsung dari tahun 1570 sampai tahun 1573? #SaveRajaAmpat #IndonesiaEmas","1935200829906305475","","","in","","0","0","0","https://x.com/undefined/status/1935200829906305475","1891312552816287744",
"1935200821672853547","Wed Jun 18 05:00:04 +0000 2025","0","Tahukah Kamu ? ... bahwa Perang Utsmaniyah-Venesia IV adalah perang antara Kesultanan Utsmaniyah dan Republik Venesia yang berlangsung dari tahun 1570 sampai tahun 1573? #SaveRajaAmpat #IndonesiaEmas","1935200821672853547","","","in","","0","0","0","https://x.com/undefined/status/1935200821672853547","1897487771230724101",
"1935198614323872161","Wed Jun 18 04:51:18 +0000 2025","0","I cant decide what i need to finish I really want : 1. countries in swimsuit/tankini 2. Seato tanpa busana 3. Eyes design practice 4. Seato tanpa busana 5. Tweening practice 6. Prabowo make Indo Bald #saverajaampat 7. Seato tanpa busana 7 heavenly virtue 7 unchoice list","1935198614323872161","","","en","","0","0","0","https://x.com/undefined/status/1935198614323872161","1909972838515392512",
"1932233265613881609","Wed Jun 18 04:47:53 +0000 2025","0","@ulil Nabi aja ga membenarkan kerusakan lingkungan lahh ini malah ngedukung hhaha PBNU = Pengurus Besar Nambang United. mulai sekranag jgn ada lagi yang percaya gus gus an #SaveRajaAmpat","1935197753505943884","","ulil","in","","0","0","0","https://x.com/undefined/status/1935197753505943884","1585375616668663808",
"1935193896851845520","Wed Jun 18 04:32:34 +0000 2025","0","Simak artikel selengkapnya di https://t.co/neTvdIRF72 #SaveRajaAmpat #StopTambangNikel #LingkunganHidup #PapuaBersuara #Jakicon","1935193900152692844","","jak_icon","in","","0","0","0","https://x.com/undefined/status/1935193900152692844","1833777176967299072",
"1935189116146303138","Wed Jun 18 04:13:34 +0000 2025","4","Presiden Prabowo ambil alih ! 4 pulau sengketa resmi jadi milik Aceh #JusticeForArgo #SaveRajaAmpat #MyGoldenBloodFinalEP #zonauang #ITSSKIN_Presenter_Dunk #BLACKPINK https://t.co/Gce1o0Vv65","1935189116146303138","https://pbs.twimg.com/ext_tw_video_thumb/1935189009418043395/pu/img/CddWrWmb3udQwjVl.jpg","","in","","0","0","0","https://x.com/undefined/status/1935189116146303138","1435790843051266051",
"1935185745947541689","Wed Jun 18 04:00:10 +0000 2025","1","Karena kau menulis. Suaramu takkan padam ditelan angin akan abadi sampai jauh jauh di kemudian hari. - Pramoedya Ananta Toer #SaveRajaAmpat #IndonesiaEmas","1935185745947541689","","","in","","0","0","0","https://x.com/undefined/status/1935185745947541689","1872885865955115011",
"1935185744500572628","Wed Jun 18 04:00:10 +0000 2025","0","Dunia luar tak ada yang tahu tentang mereka tak ada yang memperhatikan nasib mereka. - Pramoedya Ananta Toer #SaveRajaAmpat #IndonesiaEmas","1935185744500572628","","","in","","0","0","0","https://x.com/undefined/status/1935185744500572628","1887366975334326277",
"1935185742969631082","Wed Jun 18 04:00:09 +0000 2025","1","Kau terpelajar Minke. Seorang terpelajar harus juga belajar berlaku adil sudah sejak dalam pikiran apalagi dalam perbuatan. Itulah memang arti terpelajar itu. - Pramoedya Ananta Toer #SaveRajaAmpat #IndonesiaEmas","1935185742969631082","","","in","","0","0","0","https://x.com/undefined/status/1935185742969631082","1891312552816287744",
"1935185737210794251","Wed Jun 18 04:00:08 +0000 2025","1","Di dunia ini Ara hanya sedikit saja orang yang penting - Mardjohan. - Pramoedya Ananta Toer #SaveRajaAmpat #IndonesiaEmas","1935185737210794251","","","in","","0","0","0","https://x.com/undefined/status/1935185737210794251","1897487771230724101",
"1935185217926652127","Wed Jun 18 03:58:04 +0000 2025","5","Terimakasih Presidenku....🇲🇨🇲🇨 #JusticeForArgo #SaveRajaAmpat #MyGoldenBloodFinalEP #zonauang #ITSSKIN_Presenter_Dunk #BLACKPINK https://t.co/pBk43CUOne","1935185217926652127","https://pbs.twimg.com/ext_tw_video_thumb/1935184961562361863/pu/img/hPtcNBU0gKGaP5iP.jpg","","in","","0","0","0","https://x.com/undefined/status/1935185217926652127","1702568721003446272",
"1935184368185794708","Wed Jun 18 03:54:43 +0000 2025","0","#laporJPIK #JPIK #SaveRajaAmpat #TambangNikel #Greenwashing https://t.co/JqoATi3k0J","1935184373659455941","https://pbs.twimg.com/media/Gtsnyn3aQAQXCzV.jpg","laporjpik","qme","","0","0","0","https://x.com/undefined/status/1935184373659455941","1709733716",
"1935171169143152667","Wed Jun 18 03:02:15 +0000 2025","4","Dari keluhan publik menuju resolusi kebijakan #JusticeForArgo #SaveRajaAmpat #MyGoldenBloodFinalEP #zonauang #ITSSKIN_Presenter_Dunk #BLACKPINK https://t.co/oFJjXYT9Bl","1935171169143152667","https://pbs.twimg.com/ext_tw_video_thumb/1935171138709323776/pu/img/R2d49y2wSKdxcsQD.jpg","","in","","0","0","0","https://x.com/undefined/status/1935171169143152667","1405435522349207552",
"1935170628811898999","Wed Jun 18 03:00:06 +0000 2025","1","Berbahagialah dia yang tak tahu sesuatu. Pengetahuan perbandingan membuat orang tahu tempatnya sendiri dan tempat orang lain gelisah dalam alam perbandingan. - Pramoedya Ananta Toer #SaveRajaAmpat #IndonesiaEmas","1935170628811898999","","","in","","0","0","0","https://x.com/undefined/status/1935170628811898999","1872885865955115011",
"1935170625813025225","Wed Jun 18 03:00:05 +0000 2025","1","Semua lelaki memang kucing berlagak kelinci. Sebagai kelinci dimakannya semua daun sebagai kucing dimakannya semua daging. - Pramoedya Ananta Toer #SaveRajaAmpat #IndonesiaEmas","1935170625813025225","","","in","","0","0","0","https://x.com/undefined/status/1935170625813025225","1891312552816287744",
"1934784146452156782","Wed Jun 18 02:57:04 +0000 2025","1","@NyaiNeneng Botak ya kyk #SaveRajaAmpat https://t.co/fDWZyL4Ofr","1935169864756511069","https://pbs.twimg.com/media/GtsauvUaQAEleQ0.jpg","NyaiNeneng","in","","1","0","0","https://x.com/undefined/status/1935169864756511069","1814417115132375041",
"1935167846360957288","Wed Jun 18 02:49:02 +0000 2025","0","Curiga banget.. Kenapa rentetan kegaduhan belakangan ini terus menerus muncul? Player nya dr pojok yg sama. Mau nutupin apa sih? Klo ada yg tau spil tipis tipis gaes.. #SaveTrenggalek #SaveRajaAmpat #SaveAceh #SaveIndonesia https://t.co/euPpaevFoV","1935167846360957288","https://pbs.twimg.com/media/GtsY5c_aQAA-a52.jpg","","in","","0","1","0","https://x.com/undefined/status/1935167846360957288","1735212687066615808",
"1934947093053067402","Wed Jun 18 02:23:11 +0000 2025","0","@riekediahp #saverajaampat","1935161338437018059","","riekediahp","qme","","0","0","0","https://x.com/undefined/status/1935161338437018059","1834487947686805505",
"1935155526821888375","Wed Jun 18 02:00:05 +0000 2025","0","Kita akan belajar Tanca. Kemudian kita akan tahu lebih banyak mengalahkan lebih gemilang. - Pramoedya Ananta Toer #SaveRajaAmpat #IndonesiaEmas","1935155526821888375","","","in","","0","0","0","https://x.com/undefined/status/1935155526821888375","1872885865955115011",
"1935155525278384565","Wed Jun 18 02:00:05 +0000 2025","0","Setiap kerusuhan di sesuatu negeri bukan hanya Tumampel adalah cerminan dari ketidakmampuan yang memerintah. - Pramoedya Ananta Toer #SaveRajaAmpat #IndonesiaEmas","1935155525278384565","","","in","","0","0","0","https://x.com/undefined/status/1935155525278384565","1887366975334326277",
"1935155523722305830","Wed Jun 18 02:00:04 +0000 2025","1","Lebih baik dan paling baik adalah memohon kepada ALlah sampai berapalah kekuasaan manusia apalagi orang kulit pulih pula. - Pramoedya Ananta Toer #SaveRajaAmpat #IndonesiaEmas","1935155523722305830","","","in","","0","0","0","https://x.com/undefined/status/1935155523722305830","1891312552816287744",
"1935155517825122737","Wed Jun 18 02:00:03 +0000 2025","1","Orang begitu tabah menghadapi kehilangan kebebasannya akan tabah juga kehilangan segala-galanya yang masih tersisa. - Pramoedya Ananta Toer #SaveRajaAmpat #IndonesiaEmas","1935155517825122737","","","in","","0","0","0","https://x.com/undefined/status/1935155517825122737","1897487771230724101",
"1935154399023857677","Wed Jun 18 01:55:36 +0000 2025","2","Bisa dilihat siapa saja yg ngebacot membela tuannya di tengah hebohnya kasus Raja Ampat. Salut kepada pihak-pihak yg menolak kepengelolaan tambang. Bentuk modern pembungkaman di era peralihan dinasti politik menuju rezim omon-omon. #SaveRajaAmpat https://t.co/lcJt0OJRIN","1935154399023857677","","","in","","0","0","1","https://x.com/undefined/status/1935154399023857677","1370742494778912776",
"1935150610791481751","Wed Jun 18 01:40:33 +0000 2025","1","#IndonesiaGelap Semakin Gelap Belakangan ini... Apalagi diperparah dengan Kasus Besar Warisan Rejim #Mulyono yang baru mulai terungkap : #AcehSingkil #SaveRajaAmpat #Korupsi #ProJudiOnline #BahlilPenipu ##FufuFafa https://t.co/yNJAS5vv8c","1935150610791481751","https://pbs.twimg.com/media/GtsJN5abwAAZR-c.jpg","","in","","0","0","0","https://x.com/undefined/status/1935150610791481751","235603132",
"1935150241441005976","Wed Jun 18 01:39:05 +0000 2025","0","#IndonesiaGelap Semakin Gelap Belakangan ini... Apalagi diperparah dengan Kasus Besar Warisan Rejim #Mulyono yang baru mulai terungkap : #AcehSingkil #SaveRajaAmpat #Korupsi #ProJudiOnline #BahlilPenipu ##FufuFafa https://t.co/kXdPqCWLke","1935150241441005976","https://pbs.twimg.com/media/GtsI4G_aQAM9WnC.jpg","","in","","0","0","0","https://x.com/undefined/status/1935150241441005976","235603132",
"1935140888931615078","Wed Jun 18 01:01:55 +0000 2025","5","#SaveRajaAmpat","1935140888931615078","","","qht","","0","0","0","https://x.com/undefined/status/1935140888931615078","1566193907355922432",
"1935135025063960911","Wed Jun 18 00:38:37 +0000 2025","2","#SaveRajaAmpat #SavePapua https://t.co/LE5pwUP90D","1935135025063960911","https://pbs.twimg.com/ext_tw_video_thumb/1935134991266271232/pu/img/9IgTe35VJFMxc3LH.jpg","","qme","","0","0","0","https://x.com/undefined/status/1935135025063960911","1330351724528234496",
"1935129682002985285","Wed Jun 18 00:17:23 +0000 2025","15","Gubernur ACEH Muzakir Manaf Mengapresiasi Atas Keputusan Presiden bahwa 4 Pulau yang Disengketakan Antara Aceh dan Sumatera Utara Masuk Wilayah Aceh. #saverajaampat #saveampatpulau https://t.co/fjlGeoqsJ9","1935129682002985285","https://pbs.twimg.com/ext_tw_video_thumb/1935129637413429248/pu/img/9Y-jmJaXsUcL0jUX.jpg","","in","","0","2","5","https://x.com/undefined/status/1935129682002985285","1322361095407902721",
"1935086605301334485","Tue Jun 17 21:26:13 +0000 2025","0","Mantap #SaveRajaAmpat","1935086605301334485","","","in","","0","0","0","https://x.com/undefined/status/1935086605301334485","1867715307235876864",
"1935026743099932733","Tue Jun 17 17:28:21 +0000 2025","0","Reeeduppppp info RAJA AMPAT #SaveRajaAmpat #MOQEELForSMA ️","1935026743099932733","","","in","","0","0","0","https://x.com/undefined/status/1935026743099932733","1841150420657586179",
"1935019634283151617","Tue Jun 17 17:00:06 +0000 2025","0","Berkhianat pada revolusi ini berarti berkhianat pada diri sendiri pada publik yang membayarnya. - Pramoedya Ananta Toer #SaveRajaAmpat #IndonesiaEmas","1935019634283151617","","","in","","0","0","0","https://x.com/undefined/status/1935019634283151617","1872885865955115011",
"1935019632764792836","Tue Jun 17 17:00:06 +0000 2025","1","Tak ada yang tahu apakah prajurit-prajurit itu Syiwa atau Wisynu boleh jadi bahkan Buddha. Tidak ada yang mengetahui hati manusia secara tepat. - Pramoedya Ananta Toer #SaveRajaAmpat #IndonesiaEmas","1935019632764792836","","","in","","0","0","0","https://x.com/undefined/status/1935019632764792836","1887366975334326277",
"1935015974819987470","Tue Jun 17 16:45:33 +0000 2025","0","#IndonesiaGelap Habis #SaveRajaAmpat Terbitlah #AcehSingkil Kembali ke Ibu Pertiwi - Aceh NAD... #IndonesiaGelap #FufuFafa #ProJudiOnline #BahlilPenipu https://t.co/C2Zgpq40tj","1935015974819987470","https://pbs.twimg.com/media/GtqOw6waYAA5Lpv.jpg","","in","","0","0","0","https://x.com/undefined/status/1935015974819987470","235603132",
"1935004536890163441","Tue Jun 17 16:00:06 +0000 2025","1","Dan dengan langkah berat pergilah aku meninggalkan rumahsakit itu; rumah tempat orang yang tak bebas mempergunakan tubuh dan hidupnya sendiri. - Pramoedya Ananta Toer #SaveRajaAmpat #IndonesiaEmas","1935004536890163441","","","in","","0","0","0","https://x.com/undefined/status/1935004536890163441","1872885865955115011",
"1935004531848511710","Tue Jun 17 16:00:05 +0000 2025","0","Yang tak berdarah mati. Yang kekurangan darah lemah. Hanya yang berlumuran darah saja perkasa. Ada adinda dengar? Perkasa! Dan hanya si lemah berkubang dalam air matanya sendiri. - Pramoedya Ananta Toer #SaveRajaAmpat #IndonesiaEmas","1935004531848511710","","","in","","0","0","0","https://x.com/undefined/status/1935004531848511710","1891685698157281282",
"1935004526765056415","Tue Jun 17 16:00:04 +0000 2025","1","Aku lebih mempercayai ilmu pengetahuan akal. Setidak-tidaknya padanya ada kepastian-kepastian yang bisa dipegang. - Pramoedya Ananta Toer #SaveRajaAmpat #IndonesiaEmas","1935004526765056415","","","in","","0","0","0","https://x.com/undefined/status/1935004526765056415","1897487771230724101",
"1935003077427478836","Tue Jun 17 15:54:18 +0000 2025","0","guys gua cocok ko dijadiin abang please ini honest review nya #SaveRajaAmpat","1935003077427478836","","","in","","0","1","0","https://x.com/undefined/status/1935003077427478836","725490730299334656",
"1935002219344257516","Tue Jun 17 15:50:54 +0000 2025","0","Pengelolaan Bumi oleh Manusia dan Warning Israf-Fasad dalam Alquran https://t.co/jsfgbtzJye #greenhalal #SDGs #SaveRajaAmpat","1935002219344257516","","","in","","0","0","1","https://x.com/undefined/status/1935002219344257516","50968320",
"1934995303985496289","Tue Jun 17 15:23:25 +0000 2025","0","Dengar Jerit dari Raja Ampat yg belum Terleraikan. Save Raja Ampat. Save Indonesia🇮🇩 Kita dari kehancuran Alam #SaveRajaAmpat #SaveRajaAmpat #SaveRajaAmpat","1934995303985496289","","","in","","0","0","1","https://x.com/undefined/status/1934995303985496289","621837007",
